feature,importance
total_retweets,0.3024193548387097
total_tweets,0.2217741935483871
total_likes,0.20967741935483872
tweet_sentiment,0.13709677419354838
news_sentiment,0.12903225806451613
engagement_rate,0.0
